Arrangement Code,Agent Code,Start Date,End Date,Is Primary,Contract Name,Contract Start Date,Contract End Date,Carrier Short Name,Channel,Role,Apply Advance,RA Agent Code,RA Arrangement Code,Field Office Name,Writing Numbers
AA00694-001,630575,5/9/2017,,1,Career Contract,2/1/2016,,CAIC,Career,Associate,0,2035538,AA00345-010,Southeast Territory,Cer123
AA00345-010,2035538,5/8/2017,,1,Career Contract,5/8/2017,,CAIC,Career,District Sales Coordinator,0,234568,AA00412-001,Southeast Territory,AA00345
AA00412-001,234568,4/6/2017,,1,Career Contract,4/6/2017,,CAIC,Career,Regional Sales Coordinator,0,,,Southeast Territory,RS726
AA00806-019,1995190,7/10/2017,,1,Career Contract,7/10/2017,,CAIC,Career,Associate,0,2035538,AA00345-023,MS Market,KY4921
AA00345-023,2035538,6/28/2017,,1,Career Contract,5/8/2017,,CAIC,Career,District Sales Coordinator,0,265489,AA00411-001,MS Market,CF7513
AA00411-001,265489,4/6/2017,,1,Career Contract,4/6/2017,,CAIC,Career,Regional Sales Coordinator,0,,,MS Market,EA9417
AA00355-002,1018868,6/9/2017,,1,Brokerage Contract,6/9/2017,,CAIC,Broker,Enroller,0,2013984,AA00354-001,NC-E Market,JWC4316
AA00354-001,2013984,6/9/2017,,1,Brokerage Contract,6/9/2017,,CAIC,Broker,Enrollment Firm,0,971758,AA00697-001,NC-E Market,CI7653
AA00697-001,971758,6/9/2017,,1,Brokerage Contract,11/19/2013,,CAIC,Broker,Broker,0,,,NC-E Market,HS094
AA00662-001,1678513,6/20/2017,,1,Brokerage Contract,6/20/2017,,CAIC,Broker,Enroller,0,11493837,AA00326-001,NC-E Market,CJT4397
AA00326-001,11493837,3/27/2017,,1,Brokerage Contract,3/27/2017,,CAIC,Broker,Enrollment Firm,0,1979483,AA00302-001,NC-E Market,AIG1764
AA00302-001,1979483,3/10/2017,,1,Brokerage Contract,3/10/2017,,CAIC,Broker,Broker,0,,,NC-E Market,AA00023
AA00087-010,87656787,1/3/2017,,1,Career Contract,2/1/2016,,CAIC,Career,Associate,0,76547629,AA09878-002,FL-S Market,B123
AA09878-002,76547629,2/25/2015,,1,Career Contract,2/25/2015,,CAIC,Career,District Sales Coordinator,0,5643257,AA87694-001,FL-S Market,D7890
AA87694-001,5643257,1/1/2000,,1,Career Contract,1/1/2000,,CAIC,Career,Regional Sales Coordinator,0,,,FL-S Market,E1234
AA76546-004,87909655,8/31/1999,,1,Brokerage Contract,8/31/1999,,CAIC,Broker,Broker,0,,,FL-S Market,C456
AA05880-010,10905880,1/3/2017,,1,Career Contract,2/1/2016,,CAIC,Career,Associate,0,76547629,AA09878-002,FL-S Market,C890
AA00087-020,87656787,1/28/2017,,1,Career Contract,2/1/2016,,CAIC,Career,Associate,0,9876568,AA095432-002,FL-S Market,B123
AA095432-002,9876568,2/25/2015,,1,Career Contract,2/25/2015,,CAIC,Career,District Sales Coordinator,0,5643257,AA87694-001,FL-S Market,D8901
AA87694-001,5643257,1/1/2000,,1,Career Contract,1/1/2000,,CAIC,Career,Regional Sales Coordinator,0,,,FL-S Market,E1234
AA87619-001,7683921,2/28/2015,,1,Career Contract,2/1/2016,,CAIC,Career,Associate,0,4536516,AA776365-001,FL-N Market,D765
AA776365-001,4536516,2/25/2015,,1,Career Contract,2/25/2015,,CAIC,Career,District Sales Coordinator,0,775665,AA0009876-001,FL-N Market,W2345
AA0009876-001,775665,1/1/2000,,1,Career Contract,1/1/2000,,CAIC,Career,Regional Sales Coordinator,0,,,FL-N Market,T5678
AA456543-001,3322187,2/28/2015,,1,Career Contract,2/1/2016,,CAIC,Career,Associate,0,4536516,AA776365-001,FL-N Market,L765
