DisbursementNumber,FullName,Address1Text,Address2Text,CityName,StateCode,ZipCode,PaymentDateText,CheckTypeCode,IssueTypeCode,CommentsText,RefundDetailCode,CompanyCode,PaymentTypeCode,CheckNumber,ZCD_TRANS_ID,AmountText,DisbursementPaymentMethodCode,CurrencyCode,DisbursementAmount,DisbursementRequestSourceSystemCode
,HARPERSAM,54 7TH AVENUE NEW YORK,6032,NEW YORK CITY,NY,10001,20170821,    ,NR  ,,  ,    ,  ,1100000151,                                          ,ONE THOUSAND TWO HUNDRED TEN AND 00/100,C,USD  ,1210.00,WYNSURE
27182921,PAUL MILLER,MAIN STREET 1,,COLUMBUS,GA,30000,20170814,    ,NR  ,,  ,    ,  ,0001234567890,27182921                                  ,ONE THOUSAND AND 00/100,C,USD  ,1000.00,WYNSURE
27182990,PAUL MILLER,MAIN STREET 1,,COLUMBUS,GA,30000,20170814,    ,NR  ,,  ,    ,  ,0001234567890,27182990                                  ,ONE THOUSAND AND 00/100,C,USD  ,1000.00,WYNSURE
342,PAUL MILLER,MAIN STREET 1,,COLUMBUS,GA,30000,20170814,    ,NR  ,,  ,    ,  ,0001234567890,319553582_342                             ,ONE THOUSAND AND 00/100,C,USD  ,1000.00,WYNSURE
342,VELASCO JJ,1 S.LUMPKIN,,COLUMBUS,GA,30000,20170816,    ,NR  ,,  ,    ,  ,0001234517283,319553584_342                             ,FORTYFIVE,C,USD  ,45.00,WYNSURE
342,RAKESH MUSKU,1 S.LUMPKIN,,COLUMBUS,GA,30000,20170816,    ,NR  ,,  ,    ,  ,0001234512345,319553585_342                             ,FORTYFIVE,C,USD  ,45.00,WYNSURE
