StatementDate,FromDate,ToDate,CarrierGroupCode,CarrierCode,GroupProductNumber,PolicyNumber,GroupAccountNumber,EffectiveDate,DepositNumber,DepositDate,TransactionDate,PaidToDate,DueDate,Premium,PremiumType,PaymentFrequency,Months,AdvanceMonths,CommissionablePremium,CommissionRate,Revenue,EarnedCommission,ProductItemCode,CommissionType,TransactionCode,TransactionDesc,PolicyYear,State,ProductCode,ProductName,AgentCode,AgentRole,RAAgentCode,SubscriberCount,MemberCount,Insured First Name,Insured Last Name,Insured Middle Name,Insured Name,Insured Number,Insured Type,Is Individual,DOB,Insured Status,Insured Status Date,WritingNumber,Policy Status,Policy Status Date,Policy Status Reason,Policy Status Reason Date,Policy App Date,Policy Paid To Date,Policy Issue Age,Trasaction Source
08052017,08032017,08032017,2500,CAIC,GL56,GL56-0001,,01012017,,,04152016,05142015,05012015,10000,Target Premium,Monthly,,,5500,42.14,,2317.7,BACC,BASE,FY,First Year Commission,2017,AK,ACC,Accident,630575,Associate,2035538,,,DAVID,CARL,,DAVID CARL,8857478,Individual,0,,Active,01012016,Cer123,Active,01012017,Active,01012017,01012017,01012017,,G
08052017,08032017,08032017,2500,CAIC,GL56,GL56-0001,,01012017,,,04152016,05142015,05012015,10000,Target Premium,Monthly,,,5500,11.07,,608.85,BACC,Over,FY,First Year Commission,2017,AK,ACC,Accident,2035538,District Sales Coordinator,234568,,,DAVID,CARL,,DAVID CARL,8857478,Individual,0,,Active,01012016,AA00345,Active,01012017,Active,01012017,01012017,01012017,,G
08052017,08032017,08032017,2500,CAIC,GL56,GL56-0001,,01012017,,,04152016,05142015,05012015,10000,Target Premium,Monthly,,,5500,6.79,,373.45,BACC,Over,FY,First Year Commission,2017,AK,ACC,Accident,234568,Regional Sales Coordinator,,,,DAVID,CARL,,DAVID CARL,8857478,Individual,0,,Active,01012016,RS726,Active,01012017,Active,01012017,01012017,01012017,,G
08052017,08032017,08032017,2500,CAIC,GL56,GL56-0001,,01012017,,,04152016,05142015,05012015,10000,Target Premium,Monthly,,,5500,30,,1650,BACC,BASE,FY,First Year Commission,2017,AK,ACC,Accident,1018868,Enroller,2013984,,,DAVID,CARL,,DAVID CARL,8857478,Individual,0,,Active,01012016,JWC4316,Active,01012017,Active,01012017,01012017,01012017,,G
08052017,08032017,08032017,2500,CAIC,GL56,GL56-0001,,01012017,,,04152016,05142015,05012015,10000,Target Premium,Monthly,,,5500,10,,550,BACC,BASE,FY,First Year Commission,2017,AK,ACC,Accident,265489,Regional Sales Coordinator,,,,DAVID,CARL,,DAVID CARL,8857478,Individual,0,,Active,01012016,EA9417,Active,01012017,Active,01012017,01012017,01012017,,G
08052017,08032017,08032017,2500,CAIC,GL56,GL56-0001,,01012017,,,04152016,05142015,05012015,6000,Target Premium,Monthly,,,2400,35,,840,RACC,BASE,FY,First Year Commission,2017,AK,ACC,Accident,1995190,Associate,2035538,,,DAVID,CARL,,DAVID CARL,8857478,Individual,0,,Active,01012016,KY4921,Active,01012017,Active,01012017,01012017,01012017,,G
08052017,08032017,08032017,2500,CAIC,GL56,GL56-0001,,01012017,,,04152016,05142015,05012015,6000,Target Premium,Monthly,,,2400,9.3,,223.2,RACC,Over,FY,First Year Commission,2017,AK,ACC,Accident,2035538,District Sales Coordinator,265489,,,DAVID,CARL,,DAVID CARL,8857478,Individual,0,,Active,01012016,CF7513,Active,01012017,Active,01012017,01012017,01012017,,G
08052017,08032017,08032017,2500,CAIC,GL56,GL56-0001,,01012017,,,04152016,05142015,05012015,6000,Target Premium,Monthly,,,2400,5.7,,136.8,RACC,Over,FY,First Year Commission,2017,AK,ACC,Accident,265489,Regional Sales Coordinator,,,,DAVID,CARL,,DAVID CARL,8857478,Individual,0,,Active,01012016,EA9417,Active,01012017,Active,01012017,01012017,01012017,,G
08052017,08032017,08032017,2500,CAIC,GL56,GL56-0001,,01012017,,,04152016,05142015,05012015,6000,Target Premium,Monthly,,,2400,40,,960,RACC,BASE,FY,First Year Commission,2017,AK,ACC,Accident,1678513,Enroller,11493837,,,DAVID,CARL,,DAVID CARL,8857478,Individual,0,,Active,01012016,CJT4397,Active,01012017,Active,01012017,01012017,01012017,,G
08052017,08032017,08032017,2500,CAIC,GL56,GL56-0001,,01012017,,,04152016,05142015,05012015,6000,Target Premium,Monthly,,,2400,10,,240,RACC,BASE,FY,First Year Commission,2018,AK,ACC,Accident,234568,Regional Sales Coordinator,,,,DAVID,CARL,,DAVID CARL,8857478,Individual,0,,Active,01012016,RS726,Active,01012017,Active,01012017,01012017,01012017,,G
